{
    "request": {
        "api_url": "https://api.mention.net/api/accounts/TEST/alerts/TEST/mentions",
        "headers": {
            "Authorization": "Bearer TEST",
            "Accept-Version": "1.15"
        }
    },
    "response": {
        "mentions": [
            {
                "id": "TEST",
                "alert_id": 123456,
                "title": "TEST",
                "description": "TEST",
                "original_url": "TEST",
                "clickable_url": "TEST",
                "displayable_url": "TEST",
                "unique_id": "TEST",
                "published_at": "TEST",
                "created_at": "TEST",
                "country": "TEST",
                "updated_at": "TEST",
                "favorite": false,
                "folder": "TEST",
                "folder_set_by_user": false,
                "read": false,
                "tone": 0,
                "source_type": "TEST",
                "source_name": "TEST",
                "source_url": "TEST",
                "language_code": "TEST",
                "tasks": [],
                "logs": [],
                "children": {
                    "children": [],
                    "total": 42,
                    "_links": {
                        "more": {
                            "href": "TEST",
                            "params": {
                                "limit": 20,
                                "before_date": "TEST"
                            }
                        }
                    }
                },
                "picture_url": "TEST",
                "tags": [],
                "offsets": {
                    "title": [0, 0, 4, 4, 47, 47, 4, 4],
                    "description": [10, 10, 4, 4, 57, 57, 4, 4, 72, 72, 4, 4, 79, 79, 4, 4, 161, 161, 4, 4, 223, 223, 4, 4],
                    "url": [],
                    "source_name": [],
                    "source_url": []
                },
                "permissions": {
                    "favorite": true,
                    "change_folder": true,
                    "create_task": true
                },
                "author_influence": {
                    "id": "3153793048",
                    "alert_id": 112233,
                    "kind": "TEST",
                    "url": "TEST",
                    "name": "TEST",
                    "score": 83,
                    "scored_id": "TEST"
                },
                "metadata": {
                    "twitter": {
                        "id_str": "800747234652340224",
                        "user": {
                            "id_str": "188302352"
                        }
                    }
                }
            }
        ],
        "_links": {
            "more": {
                "href": "...url to get older mentions..."
            },
            "pull": {
                "href": "...url to get newer mentions..."
            }
        }
    },
    "response-headers": {
        "X-XSS-Protection": "1; mode=block",
        "X-Upstream2": "mention_backend",
        "X-Content-Type-Options": "nosniff",
        "X-Protected-By": "Sqreen",
        "Transfer-Encoding": "chunked",
        "X-Api-Version": "1.15",
        "Content-Encoding": "gzip",
        "Connection": "keep-alive",
        "Server": "nginx",
        "Content-Type": "application/json",
        "Vary": "Accept-Encoding, Accept-Language, X-Accept-Language",
        "Set-Cookie": "www_bucket=55; Expires=Tue, 30 Jan 2018 10:59:52 GMT; Domain=mention.com; Path=/",
        "Date": "Sun, 31 Dec 2017 10:59:52 GMT",
        "X-Frame-Options": "SAMEORIGIN",
        "Cache-Control": "no-cache, private",
        "Referrer-Policy": "same-origin",
        "X-S": "web16"
    }
}
