{
    "request": {
        "api_url": "https://api.trello.com/1/cards/TEST/checklists/",
        "params": {
            "key": "TEST",
            "token": "TEST"
        }
    },
    "response": [
        {
            "id": "TEST",
            "name": "TEST",
            "idBoard": "TEST",
            "idCard": "TEST",
            "pos": 16384,
            "checkItems": [
                {
                    "state": "complete",
                    "idChecklist": "TEST",
                    "id": "TEST",
                    "name": "TEST_1",
                    "nameData": null,
                    "pos": 17350
                },
                {
                    "state": "complete",
                    "idChecklist": "TEST",
                    "id": "TEST",
                    "name": "TEST_2",
                    "nameData": null,
                    "pos": 34343
                },
                {
                    "state": "incomplete",
                    "idChecklist": "TEST",
                    "id": "TEST",
                    "name": "TEST_3",
                    "nameData": null,
                    "pos": 51594
                },
                {
                    "state": "incomplete",
                    "idChecklist": "TEST",
                    "id": "TEST",
                    "name": "TEST_4",
                    "nameData": null,
                    "pos": 67998
                }
            ]
        }
    ],
    "response-headers": {
        "X-Trello-Environment": "Production",
        "Content-Length": "595",
        "X-Trello-Version": "68",
        "X-RATE-LIMIT-MEMBER-MAX": "200",
        "Set-Cookie": "dsc=5cf993d4c95bff2ee0273937e979ace5b89a6629f4ec355860d1aac0e4b565cd; Path=/; Expires=Fri, 26 Jan 2018 11:29:12 GMT; Secure",
        "X-Server-Time": "1516706952891",
        "Surrogate-Control": "no-store",
        "Expires": "Thu, 01 Jan 1970 00:00:00",
        "X-RATE-LIMIT-MEMBER-REMAINING": "199",
        "X-RATE-LIMIT-API-TOKEN-MAX": "100",
        "X-Content-Type-Options": "nosniff",
        "X-RATE-LIMIT-API-KEY-MAX": "300",
        "Content-Encoding": "gzip",
        "X-RATE-LIMIT-API-TOKEN-INTERVAL-MS": "10000",
        "ETag": "W/\"FTxOEKThSaPt1Pa7iy1iSg==\"",
        "Access-Control-Allow-Methods": "GET, PUT, POST, DELETE",
        "X-RATE-LIMIT-API-KEY-INTERVAL-MS": "10000",
        "Date": "Tue, 23 Jan 2018 11:29:13 GMT",
        "X-Frame-Options": "DENY",
        "Access-Control-Allow-Headers": "Authorization, Accept, Content-Type",
        "Pragma": "no-cache",
        "X-XSS-Protection": "1; mode=block",
        "Referrer-Policy": "strict-origin-when-cross-origin",
        "X-Download-Options": "noopen",
        "X-RATE-LIMIT-API-KEY-REMAINING": "299",
        "Cache-Control": "max-age=0, must-revalidate, no-cache, no-store",
        "X-DNS-Prefetch-Control": "off",
        "Strict-Transport-Security": "max-age=15552000",
        "Content-Type": "application/json; charset=utf-8",
        "X-RATE-LIMIT-MEMBER-INTERVAL-MS": "10000",
        "X-RATE-LIMIT-API-TOKEN-REMAINING": "99",
        "Access-Control-Allow-Origin": "*",
        "Connection": "keep-alive",
        "Vary": "Accept-Encoding"
    }
}
