{
  "request": {
    "api_url": "https://beta.idonethis.com/api/v2/teams",
    "headers": {
        "Authorization": "Token 12345678"
    },
    "params": null
  },
  "response": [
    {
        "name": "testing team 1",
        "created_at": "2017-12-28T19:12:24.977+11:00",
        "updated_at": "2017-12-28T19:12:24.977+11:00",
        "hash_id": "31415926535"
    },
    {
        "name": "test_team_2",
        "created_at": "2017-12-28T19:12:55.121+11:00",
        "updated_at": "2017-12-28T19:12:55.121+11:00",
        "hash_id": "8979deadbeef"
    }
  ],
  "response-headers": {
    "status": 200,
    "content-type": "application/json; charset=utf-8"
  }
}
